Nombre,Contrasena
Daniel;Unicornio
Agua;Suave
Prueba;Nose
sapo;sapo
Hola;Prueba
USUARIO;CONTRASEÑA
UwU;UwU
Naka;nakama
Naka;nakama
Naka;nakama
USUARIO;CONTRASEÑA
Naka;nakama
USUARIO;CONTRASEÑA
Naka;nakama
Naka;nakama
Naka;nakama
USUARIO;CONTRASEÑA
USUARIO;CONTRASEÑA
ana;CONTRASEÑA
USUARIO;CONTRASEÑA
USUARIO;CONTRASEÑA
ana;CONTRASEÑA
Jose;CONTRASEÑA
hola;CONTRASEÑA
USUARIO;CONTRASEÑA
USUARIO;CONTRASEÑA
USUARIO;CONTRASEÑA
USUARIO;CONTRASEÑA
USUARIO;CONTRASEÑA
USUARIO;CONTRASEÑA
ana;CONTRASEÑA
USUARIO;CONTRASEÑA
USUARIO;CONTRASEÑA
na;CONTRASEÑA
USUARIO;CONTRASEÑA
USUARIO;CONTRASEÑA
d;CONTRASEÑA
USUARIO;CONTRASEÑA
USaa;CONTRASEÑA
USUARIO;CONTRASEÑA
USUARIO;CONTRASEÑA
USUARIO;CONTRASEÑA
sada;CONTRASEÑA
USUARIO;CONTRASEÑA
USUARIO;CONTRASEÑA
USUARIO;CONTRASEÑA
USUARIO;CONTRASEÑA
Udadasd;CONTRASEÑA
USUARIO;CONTRASEÑA
USUARIO;CONTRASEÑA
USUARIO;CONTRASEÑA
USUARIO;CONTRASEÑA
USUARIO;CONTRASEÑA
USUARIO;CONTRASEÑA
USUARIO;CONTRASEÑA
USUARIO;CONTRASEÑA
Ana;rosmela
anya;peanut
anya;peanut
USUARIO;CONTRASEÑA
USUARIO;CONTRASEÑA
USUARIO;CONTRASEÑA
Ana;CONTRASEÑA
USUARIO;CONTRASEÑA
Anya;peanut
Anya;peanut
Anya;peanut
Anya;peanut
Anya;peanuts
Baby;gol
Anya;peanuts
Anya;peanuts
Baby;gol
Anya;peanuts
Baby;gol
Anya;peanuts
Anya;peanuts
USUARIO;CONTRASEÑA
USUARIO;CONTRASEÑA
USUARIO;CONTRASEÑA
USUARIO;CONTRASEÑA
USUARIO;CONTRASEÑA
USUARIO;CONTRASEÑA
